track_id,user_id,artist_id,track_name,album_name,played_at,play_count,genre
T008,U016,A005,Fix You,X&Y,2025-06-29 16:25,3,Alternative
T008,U015,A005,Fix You,X&Y,2025-04-22 14:13,6,Alternative
T025,U004,A018,Wake Me Up,True,2025-10-15 13:20,5,EDM
T018,U004,A012,Jeena Jeena,Badlapur,2025-11-16 17:03,7,Pop
T024,U017,A017,Night Changes,Four,2025-09-28 16:12,6,Pop
T017,U012,A011,To Phir Aao,Awarapan,2025-07-11 19:13,4,Rock
T023,U008,A016,Faded,Different World,2025-08-12 22:03,2,EDM
T023,U013,A016,Faded,Different World,2025-06-10 22:01,2,EDM
T010,U017,A006,Mockingbird,Encore,2025-02-02 10:56,4,Hip-Hop
T011,U013,A007,The Search,The Search,2025-01-13 22:51,1,Hip-Hop
T016,U005,A010,Zara Sa,Jannat,2025-03-11 21:23,1,Playback
T010,U003,A006,Mockingbird,Encore,2025-07-05 22:50,3,Hip-Hop
T010,U012,A006,Mockingbird,Encore,2025-05-18 07:50,4,Hip-Hop
T026,U007,A019,7 rings,"Thank U, Next",2025-01-30 08:13,2,Pop
T026,U014,A019,7 rings,"Thank U, Next",2025-06-09 14:25,1,Pop
T018,U004,A012,Jeena Jeena,Badlapur,2025-06-06 05:44,6,Pop
T022,U004,A015,Alone,Joytime,2025-10-12 20:24,2,EDM
T025,U002,A018,Wake Me Up,True,2025-12-17 07:20,4,EDM
T001,U012,A001,NGL,N/A,2025-01-13 22:53,4,Hip-Hop
T009,U006,A006,Lose Yourself,8 Mile,2025-06-13 14:49,7,Hip-Hop
T018,U001,A012,Jeena Jeena,Badlapur,2025-08-03 06:04,4,Pop
T001,U002,A001,NGL,N/A,2025-11-29 23:52,4,Hip-Hop
T027,U004,A020,SAD!,?,2025-10-16 16:47,5,Hip-Hop
T011,U016,A007,The Search,The Search,2025-08-27 23:06,1,Hip-Hop
T023,U015,A016,Faded,Different World,2025-12-31 02:30,1,EDM
T021,U007,A014,Beautiful Scars,Beautiful Scars,2025-06-30 07:27,1,Pop
T027,U017,A020,SAD!,?,2025-07-15 00:56,6,Hip-Hop
T027,U020,A020,SAD!,?,2025-08-24 18:00,5,Hip-Hop
T019,U008,A013,Lovely,N/A,2025-07-01 03:30,1,Pop
T022,U016,A015,Alone,Joytime,2025-07-13 16:09,4,EDM
T019,U003,A013,Lovely,N/A,2025-06-24 11:50,2,Pop
T009,U007,A006,Lose Yourself,8 Mile,2025-12-17 18:43,6,Hip-Hop
T002,U013,A002,Faint,Meteora,2025-11-03 19:23,4,Rock
T018,U001,A012,Jeena Jeena,Badlapur,2025-04-11 07:28,1,Pop
T023,U011,A016,Faded,Different World,2025-09-21 06:18,3,EDM
T017,U014,A011,To Phir Aao,Awarapan,2025-10-13 08:50,8,Rock
T007,U017,A005,Yellow,Parachutes,2025-09-14 08:29,5,Alternative
T025,U005,A018,Wake Me Up,True,2025-06-21 13:55,7,EDM
T012,U005,A007,Let You Down,Perception,2025-05-18 18:06,8,Hip-Hop
T011,U020,A007,The Search,The Search,2025-09-30 22:34,8,Hip-Hop
T025,U020,A018,Wake Me Up,True,2025-04-21 00:50,5,EDM
T007,U001,A005,Yellow,Parachutes,2025-03-27 12:48,7,Alternative
T026,U010,A019,7 rings,"Thank U, Next",2025-08-14 11:44,4,Pop
T020,U009,A013,Birds of a Feather,Hit Me Hard and Soft,2025-08-31 04:13,3,Pop
T023,U007,A016,Faded,Different World,2025-08-23 13:51,5,EDM
T020,U015,A013,Birds of a Feather,Hit Me Hard and Soft,2025-12-06 00:13,1,Pop
T022,U002,A015,Alone,Joytime,2025-01-05 06:24,7,EDM
T002,U014,A002,Faint,Meteora,2025-12-19 07:02,2,Rock
T016,U020,A010,Zara Sa,Jannat,2025-11-26 06:54,4,Playback
T016,U005,A010,Zara Sa,Jannat,2025-05-06 01:22,1,Playback
T009,U008,A006,Lose Yourself,8 Mile,2025-06-21 04:33,4,Hip-Hop
T009,U003,A006,Lose Yourself,8 Mile,2025-04-13 20:15,5,Hip-Hop
T027,U010,A020,SAD!,?,2025-08-07 22:37,5,Hip-Hop
T023,U005,A016,Faded,Different World,2025-12-20 00:41,1,EDM
T015,U006,A009,Kesariya,Brahmastra,2025-05-23 09:56,8,Playback
T007,U017,A005,Yellow,Parachutes,2025-12-06 17:18,3,Alternative
T001,U018,A001,NGL,N/A,2025-11-30 23:37,8,Hip-Hop
T009,U002,A006,Lose Yourself,8 Mile,2025-05-05 12:36,2,Hip-Hop
T026,U015,A019,7 rings,"Thank U, Next",2025-06-17 05:37,3,Pop
T015,U014,A009,Kesariya,Brahmastra,2025-11-01 08:39,2,Playback
T027,U018,A020,SAD!,?,2025-05-19 02:06,4,Hip-Hop
T015,U009,A009,Kesariya,Brahmastra,2025-10-26 07:15,8,Playback
T026,U020,A019,7 rings,"Thank U, Next",2025-10-03 17:25,5,Pop
T025,U008,A018,Wake Me Up,True,2025-07-14 01:10,2,EDM
T008,U011,A005,Fix You,X&Y,2025-05-10 07:39,3,Alternative
T001,U020,A001,NGL,N/A,2025-01-20 19:54,2,Hip-Hop
T021,U011,A014,Beautiful Scars,Beautiful Scars,2025-05-11 12:22,6,Pop
T019,U009,A013,Lovely,N/A,2025-12-26 10:45,8,Pop
T012,U003,A007,Let You Down,Perception,2025-09-14 08:39,2,Hip-Hop
T025,U003,A018,Wake Me Up,True,2025-01-17 23:56,4,EDM
T010,U007,A006,Mockingbird,Encore,2025-03-31 03:30,3,Hip-Hop
T001,U005,A001,NGL,N/A,2025-03-23 20:01,7,Hip-Hop
T015,U009,A009,Kesariya,Brahmastra,2025-05-17 08:13,5,Playback
T024,U007,A017,Night Changes,Four,2025-10-08 13:55,3,Pop
T008,U014,A005,Fix You,X&Y,2025-05-02 12:38,2,Alternative
T003,U008,A002,Numb,Meteora,2025-10-02 13:52,4,Rock
T007,U013,A005,Yellow,Parachutes,2025-05-16 14:25,8,Alternative
T026,U015,A019,7 rings,"Thank U, Next",2025-06-24 14:31,3,Pop
T007,U014,A005,Yellow,Parachutes,2025-11-27 07:30,1,Alternative
T007,U007,A005,Yellow,Parachutes,2025-08-06 00:46,1,Alternative
T015,U017,A009,Kesariya,Brahmastra,2025-06-07 17:27,8,Playback
T001,U008,A001,NGL,N/A,2025-05-08 22:09,7,Hip-Hop
T004,U009,A003,Apocalypse,Cigarettes After Sex,2025-04-10 15:26,4,Dream Pop
T023,U019,A016,Faded,Different World,2025-10-12 05:42,6,EDM
T019,U003,A013,Lovely,N/A,2025-01-08 05:38,4,Pop
T019,U013,A013,Lovely,N/A,2025-03-10 23:26,7,Pop
T005,U007,A003,Nothing's Gonna Hurt You Baby,N/A,2025-12-30 19:34,7,Dream Pop
T011,U012,A007,The Search,The Search,2025-08-08 22:09,1,Hip-Hop
T013,U006,A008,Swim,Chase Atlantic,2025-10-11 11:00,6,Alt R&B
T001,U018,A001,NGL,N/A,2025-11-05 08:52,7,Hip-Hop
T003,U018,A002,Numb,Meteora,2025-01-10 00:01,1,Rock
T016,U013,A010,Zara Sa,Jannat,2025-11-02 11:39,2,Playback
T027,U012,A020,SAD!,?,2025-09-22 15:41,8,Hip-Hop
T014,U016,A008,Friends,Chase Atlantic,2025-01-16 10:07,3,Alt R&B
T010,U009,A006,Mockingbird,Encore,2025-02-26 23:00,5,Hip-Hop
T027,U020,A020,SAD!,?,2025-07-09 17:10,2,Hip-Hop
T018,U013,A012,Jeena Jeena,Badlapur,2025-11-05 19:09,2,Pop
T005,U005,A003,Nothing's Gonna Hurt You Baby,N/A,2025-12-25 08:50,2,Dream Pop
T024,U013,A017,Night Changes,Four,2025-12-04 09:56,3,Pop
T014,U001,A008,Friends,Chase Atlantic,2025-05-15 16:32,5,Alt R&B
T021,U005,A014,Beautiful Scars,Beautiful Scars,2025-12-05 07:09,1,Pop
T016,U008,A010,Zara Sa,Jannat,2025-10-03 23:27,1,Playback
T014,U007,A008,Friends,Chase Atlantic,2025-06-10 09:37,8,Alt R&B
T016,U007,A010,Zara Sa,Jannat,2025-03-19 19:00,8,Playback
T018,U001,A012,Jeena Jeena,Badlapur,2025-10-26 13:21,3,Pop
T017,U007,A011,To Phir Aao,Awarapan,2025-01-24 02:30,6,Rock
T022,U018,A015,Alone,Joytime,2025-05-27 01:49,2,EDM
T016,U012,A010,Zara Sa,Jannat,2025-10-30 04:04,1,Playback
T015,U001,A009,Kesariya,Brahmastra,2025-11-16 18:21,5,Playback
T016,U009,A010,Zara Sa,Jannat,2025-03-02 16:29,2,Playback
T023,U016,A016,Faded,Different World,2025-06-08 21:58,8,EDM
T025,U010,A018,Wake Me Up,True,2025-08-08 05:11,7,EDM
T013,U007,A008,Swim,Chase Atlantic,2025-12-03 07:27,1,Alt R&B
T009,U012,A006,Lose Yourself,8 Mile,2025-12-24 06:42,3,Hip-Hop
T009,U007,A006,Lose Yourself,8 Mile,2025-01-19 16:58,3,Hip-Hop
T024,U014,A017,Night Changes,Four,2025-05-12 14:39,4,Pop
T025,U011,A018,Wake Me Up,True,2025-09-08 01:05,5,EDM
T017,U013,A011,To Phir Aao,Awarapan,2025-08-19 15:47,6,Rock
T015,U014,A009,Kesariya,Brahmastra,2025-08-10 11:11,1,Playback
T018,U018,A012,Jeena Jeena,Badlapur,2025-05-12 17:23,8,Pop
T014,U012,A008,Friends,Chase Atlantic,2025-02-23 20:36,1,Alt R&B
T018,U006,A012,Jeena Jeena,Badlapur,2025-03-22 15:12,6,Pop
T025,U005,A018,Wake Me Up,True,2025-04-17 08:37,8,EDM
T022,U011,A015,Alone,Joytime,2025-03-29 19:57,7,EDM
T027,U020,A020,SAD!,?,2025-03-10 11:53,6,Hip-Hop
T014,U003,A008,Friends,Chase Atlantic,2025-05-29 21:30,1,Alt R&B
T009,U015,A006,Lose Yourself,8 Mile,2025-07-13 14:01,7,Hip-Hop
T017,U008,A011,To Phir Aao,Awarapan,2025-11-17 11:51,4,Rock
T002,U015,A002,Faint,Meteora,2025-06-04 03:24,8,Rock
T024,U017,A017,Night Changes,Four,2025-01-14 20:17,1,Pop
T003,U001,A002,Numb,Meteora,2025-03-09 23:44,7,Rock
T024,U013,A017,Night Changes,Four,2025-10-28 23:32,8,Pop
T011,U009,A007,The Search,The Search,2025-07-22 02:34,8,Hip-Hop
T024,U007,A017,Night Changes,Four,2025-12-06 18:34,1,Pop
T027,U008,A020,SAD!,?,2025-03-20 15:42,8,Hip-Hop
T020,U013,A013,Birds of a Feather,Hit Me Hard and Soft,2025-04-04 08:16,2,Pop
T019,U013,A013,Lovely,N/A,2025-08-14 05:32,8,Pop
T018,U008,A012,Jeena Jeena,Badlapur,2025-01-22 04:02,6,Pop
T023,U014,A016,Faded,Different World,2025-03-19 01:57,5,EDM
T002,U007,A002,Faint,Meteora,2025-06-29 13:15,6,Rock
T014,U019,A008,Friends,Chase Atlantic,2025-03-05 10:48,6,Alt R&B
T008,U019,A005,Fix You,X&Y,2025-03-01 01:47,3,Alternative
T022,U007,A015,Alone,Joytime,2025-05-21 19:36,5,EDM
T013,U001,A008,Swim,Chase Atlantic,2025-08-24 20:23,6,Alt R&B
T006,U002,A004,Sorry,Purpose,2025-12-04 21:06,1,Pop
T021,U016,A014,Beautiful Scars,Beautiful Scars,2025-11-19 06:20,1,Pop
T006,U018,A004,Sorry,Purpose,2025-09-16 00:14,8,Pop
T021,U016,A014,Beautiful Scars,Beautiful Scars,2025-08-21 17:33,4,Pop
T022,U003,A015,Alone,Joytime,2025-07-18 19:36,7,EDM
T027,U016,A020,SAD!,?,2025-10-08 07:06,8,Hip-Hop
T008,U004,A005,Fix You,X&Y,2025-12-09 08:56,6,Alternative
T004,U019,A003,Apocalypse,Cigarettes After Sex,2025-07-24 23:38,5,Dream Pop
T025,U005,A018,Wake Me Up,True,2025-08-28 20:51,6,EDM
T026,U007,A019,7 rings,"Thank U, Next",2025-04-12 04:18,6,Pop
T004,U001,A003,Apocalypse,Cigarettes After Sex,2025-05-15 11:38,2,Dream Pop
T002,U014,A002,Faint,Meteora,2025-07-30 10:52,7,Rock
T015,U016,A009,Kesariya,Brahmastra,2025-09-26 18:21,4,Playback
T013,U002,A008,Swim,Chase Atlantic,2025-11-06 18:54,7,Alt R&B
T011,U010,A007,The Search,The Search,2025-07-04 05:12,5,Hip-Hop
T008,U009,A005,Fix You,X&Y,2025-03-30 18:00,7,Alternative
T021,U014,A014,Beautiful Scars,Beautiful Scars,2025-03-07 15:01,3,Pop
T019,U001,A013,Lovely,N/A,2025-03-04 17:19,8,Pop
T009,U017,A006,Lose Yourself,8 Mile,2025-08-01 18:16,8,Hip-Hop
T005,U004,A003,Nothing's Gonna Hurt You Baby,N/A,2025-10-26 23:55,2,Dream Pop
T016,U012,A010,Zara Sa,Jannat,2025-05-24 07:24,1,Playback
T024,U012,A017,Night Changes,Four,2025-07-11 07:15,2,Pop
T022,U019,A015,Alone,Joytime,2025-04-05 13:01,3,EDM
T002,U007,A002,Faint,Meteora,2025-06-05 06:32,6,Rock
T006,U009,A004,Sorry,Purpose,2025-05-21 11:06,7,Pop
T011,U019,A007,The Search,The Search,2025-05-08 20:22,2,Hip-Hop
T016,U010,A010,Zara Sa,Jannat,2025-08-25 03:26,8,Playback
T001,U006,A001,NGL,N/A,2025-09-15 09:04,2,Hip-Hop
T007,U002,A005,Yellow,Parachutes,2025-06-01 02:57,2,Alternative
T010,U001,A006,Mockingbird,Encore,2025-10-05 19:54,1,Hip-Hop
T025,U006,A018,Wake Me Up,True,2025-03-24 02:30,6,EDM
T008,U015,A005,Fix You,X&Y,2025-01-24 06:27,2,Alternative
T009,U001,A006,Lose Yourself,8 Mile,2025-11-16 00:37,7,Hip-Hop
T001,U008,A001,NGL,N/A,2025-09-17 12:58,8,Hip-Hop
T025,U008,A018,Wake Me Up,True,2025-10-07 15:40,5,EDM
T009,U018,A006,Lose Yourself,8 Mile,2025-10-23 14:45,4,Hip-Hop
T015,U012,A009,Kesariya,Brahmastra,2025-11-20 19:00,5,Playback
T020,U012,A013,Birds of a Feather,Hit Me Hard and Soft,2025-11-11 19:23,1,Pop
T027,U019,A020,SAD!,?,2025-04-26 12:22,7,Hip-Hop
T012,U003,A007,Let You Down,Perception,2025-01-15 18:24,8,Hip-Hop
T017,U012,A011,To Phir Aao,Awarapan,2025-11-05 01:21,7,Rock
T020,U012,A013,Birds of a Feather,Hit Me Hard and Soft,2025-04-09 15:56,1,Pop
T020,U005,A013,Birds of a Feather,Hit Me Hard and Soft,2025-10-06 20:20,8,Pop
T020,U018,A013,Birds of a Feather,Hit Me Hard and Soft,2025-02-14 19:44,5,Pop
T019,U001,A013,Lovely,N/A,2025-03-21 11:57,7,Pop
T012,U016,A007,Let You Down,Perception,2025-11-09 23:28,5,Hip-Hop
T012,U014,A007,Let You Down,Perception,2025-09-27 03:26,5,Hip-Hop
T013,U001,A008,Swim,Chase Atlantic,2025-02-16 19:01,3,Alt R&B
T001,U015,A001,NGL,N/A,2025-02-01 06:34,5,Hip-Hop
T024,U001,A017,Night Changes,Four,2025-07-15 07:42,6,Pop
T019,U011,A013,Lovely,N/A,2025-06-19 01:43,3,Pop
T011,U005,A007,The Search,The Search,2025-11-04 05:14,5,Hip-Hop
T026,U003,A019,7 rings,"Thank U, Next",2025-12-13 05:52,7,Pop
T010,U008,A006,Mockingbird,Encore,2025-11-13 18:07,8,Hip-Hop
T020,U001,A013,Birds of a Feather,Hit Me Hard and Soft,2025-09-22 15:42,2,Pop
T018,U002,A012,Jeena Jeena,Badlapur,2025-08-17 05:35,1,Pop
T012,U014,A007,Let You Down,Perception,2025-08-08 17:13,8,Hip-Hop
T024,U001,A017,Night Changes,Four,2025-02-19 18:58,8,Pop
T007,U020,A005,Yellow,Parachutes,2025-11-30 11:48,2,Alternative
T016,U007,A010,Zara Sa,Jannat,2025-04-28 18:44,2,Playback
T014,U001,A008,Friends,Chase Atlantic,2025-01-04 17:56,1,Alt R&B
T004,U003,A003,Apocalypse,Cigarettes After Sex,2025-03-31 07:11,3,Dream Pop
T011,U006,A007,The Search,The Search,2025-11-22 06:15,8,Hip-Hop
T015,U018,A009,Kesariya,Brahmastra,2025-01-25 16:59,4,Playback
T026,U006,A019,7 rings,"Thank U, Next",2025-06-20 23:48,2,Pop
T015,U004,A009,Kesariya,Brahmastra,2025-10-23 15:28,2,Playback
T016,U017,A010,Zara Sa,Jannat,2025-10-25 23:03,4,Playback
T007,U015,A005,Yellow,Parachutes,2025-02-15 04:47,7,Alternative
T025,U002,A018,Wake Me Up,True,2025-08-18 12:05,6,EDM
T011,U008,A007,The Search,The Search,2025-02-21 04:41,2,Hip-Hop
T008,U013,A005,Fix You,X&Y,2025-04-03 09:36,4,Alternative
T027,U011,A020,SAD!,?,2025-12-21 22:24,8,Hip-Hop
T009,U006,A006,Lose Yourself,8 Mile,2025-07-05 09:18,3,Hip-Hop
T026,U003,A019,7 rings,"Thank U, Next",2025-10-11 23:17,7,Pop
T023,U012,A016,Faded,Different World,2025-06-20 22:22,7,EDM
T020,U005,A013,Birds of a Feather,Hit Me Hard and Soft,2025-02-03 11:30,8,Pop
T021,U009,A014,Beautiful Scars,Beautiful Scars,2025-07-27 22:15,2,Pop
T023,U001,A016,Faded,Different World,2025-01-22 13:20,1,EDM
T006,U004,A004,Sorry,Purpose,2025-03-18 01:22,6,Pop
T006,U006,A004,Sorry,Purpose,2025-05-28 18:03,7,Pop
T011,U012,A007,The Search,The Search,2025-09-14 20:50,7,Hip-Hop
T015,U018,A009,Kesariya,Brahmastra,2025-08-01 06:16,4,Playback
T003,U012,A002,Numb,Meteora,2025-02-14 13:28,6,Rock
T008,U003,A005,Fix You,X&Y,2025-10-10 21:00,2,Alternative
T022,U013,A015,Alone,Joytime,2025-10-12 23:30,5,EDM
T026,U001,A019,7 rings,"Thank U, Next",2025-05-13 16:16,8,Pop
T023,U019,A016,Faded,Different World,2025-02-02 15:51,2,EDM
T008,U004,A005,Fix You,X&Y,2025-06-05 10:34,1,Alternative
T011,U014,A007,The Search,The Search,2025-08-04 13:37,4,Hip-Hop
T024,U015,A017,Night Changes,Four,2025-08-05 22:00,6,Pop
T004,U001,A003,Apocalypse,Cigarettes After Sex,2025-09-17 21:57,3,Dream Pop
T017,U018,A011,To Phir Aao,Awarapan,2025-10-07 18:34,1,Rock
T021,U018,A014,Beautiful Scars,Beautiful Scars,2025-05-28 15:12,2,Pop
T018,U010,A012,Jeena Jeena,Badlapur,2025-10-19 16:03,1,Pop
T002,U011,A002,Faint,Meteora,2025-12-24 05:15,1,Rock
T025,U010,A018,Wake Me Up,True,2025-02-21 23:10,2,EDM
T011,U009,A007,The Search,The Search,2025-11-10 04:45,3,Hip-Hop
T020,U018,A013,Birds of a Feather,Hit Me Hard and Soft,2025-08-19 22:03,5,Pop
T004,U006,A003,Apocalypse,Cigarettes After Sex,2025-07-25 09:25,2,Dream Pop
T012,U004,A007,Let You Down,Perception,2025-01-02 10:47,8,Hip-Hop
T019,U001,A013,Lovely,N/A,2025-05-30 18:12,7,Pop
T015,U005,A009,Kesariya,Brahmastra,2025-03-11 18:01,6,Playback
T010,U006,A006,Mockingbird,Encore,2025-08-26 16:26,4,Hip-Hop
T008,U002,A005,Fix You,X&Y,2025-09-12 01:19,4,Alternative
T008,U011,A005,Fix You,X&Y,2025-01-11 11:49,5,Alternative
T020,U016,A013,Birds of a Feather,Hit Me Hard and Soft,2025-06-05 07:00,7,Pop
T024,U020,A017,Night Changes,Four,2025-01-31 10:01,1,Pop
T019,U013,A013,Lovely,N/A,2025-08-02 08:59,6,Pop
T017,U012,A011,To Phir Aao,Awarapan,2025-12-16 15:00,8,Rock
T025,U004,A018,Wake Me Up,True,2025-06-14 03:32,6,EDM
T020,U008,A013,Birds of a Feather,Hit Me Hard and Soft,2025-01-07 16:20,6,Pop
T014,U018,A008,Friends,Chase Atlantic,2025-03-02 13:20,2,Alt R&B
T014,U006,A008,Friends,Chase Atlantic,2025-06-11 04:29,2,Alt R&B
T008,U003,A005,Fix You,X&Y,2025-11-20 07:08,1,Alternative
T010,U011,A006,Mockingbird,Encore,2025-12-24 06:50,1,Hip-Hop
T024,U017,A017,Night Changes,Four,2025-03-05 15:52,3,Pop
T001,U014,A001,NGL,N/A,2025-01-14 07:20,8,Hip-Hop
T010,U009,A006,Mockingbird,Encore,2025-08-25 02:54,7,Hip-Hop
T008,U015,A005,Fix You,X&Y,2025-11-14 23:05,4,Alternative
T015,U017,A009,Kesariya,Brahmastra,2025-08-26 23:54,8,Playback
T002,U016,A002,Faint,Meteora,2025-03-20 09:30,4,Rock
T010,U012,A006,Mockingbird,Encore,2025-01-05 12:41,6,Hip-Hop
T002,U018,A002,Faint,Meteora,2025-03-01 01:01,4,Rock
T024,U009,A017,Night Changes,Four,2025-12-20 15:46,8,Pop
T019,U006,A013,Lovely,N/A,2025-07-08 15:27,3,Pop
T006,U010,A004,Sorry,Purpose,2025-07-14 23:20,5,Pop
T007,U019,A005,Yellow,Parachutes,2025-11-25 04:59,2,Alternative
T008,U003,A005,Fix You,X&Y,2025-02-17 10:06,8,Alternative
T017,U019,A011,To Phir Aao,Awarapan,2025-02-21 07:46,6,Rock
T004,U007,A003,Apocalypse,Cigarettes After Sex,2025-06-17 01:56,1,Dream Pop
T009,U010,A006,Lose Yourself,8 Mile,2025-09-10 08:10,1,Hip-Hop
T025,U005,A018,Wake Me Up,True,2025-01-30 10:50,2,EDM
T011,U009,A007,The Search,The Search,2025-02-04 18:02,3,Hip-Hop
T013,U011,A008,Swim,Chase Atlantic,2025-02-07 23:36,4,Alt R&B
T009,U005,A006,Lose Yourself,8 Mile,2025-11-08 23:55,7,Hip-Hop
T017,U006,A011,To Phir Aao,Awarapan,2025-03-21 05:55,6,Rock
T001,U019,A001,NGL,N/A,2025-06-02 05:05,1,Hip-Hop
T018,U018,A012,Jeena Jeena,Badlapur,2025-10-27 07:41,5,Pop
T004,U012,A003,Apocalypse,Cigarettes After Sex,2025-10-16 00:12,5,Dream Pop
T002,U014,A002,Faint,Meteora,2025-11-06 07:20,2,Rock
T018,U006,A012,Jeena Jeena,Badlapur,2025-03-17 02:32,3,Pop
T016,U005,A010,Zara Sa,Jannat,2025-10-30 00:01,4,Playback
T017,U007,A011,To Phir Aao,Awarapan,2025-10-26 10:56,7,Rock
T011,U012,A007,The Search,The Search,2025-08-20 13:25,4,Hip-Hop
T020,U008,A013,Birds of a Feather,Hit Me Hard and Soft,2025-11-26 12:12,1,Pop
T022,U006,A015,Alone,Joytime,2025-01-06 17:34,5,EDM
T016,U019,A010,Zara Sa,Jannat,2025-05-23 17:38,6,Playback
T014,U004,A008,Friends,Chase Atlantic,2025-07-29 14:11,2,Alt R&B
T010,U016,A006,Mockingbird,Encore,2025-06-08 19:32,7,Hip-Hop
T022,U018,A015,Alone,Joytime,2025-05-22 22:05,1,EDM
T002,U014,A002,Faint,Meteora,2025-08-30 01:37,8,Rock
T014,U012,A008,Friends,Chase Atlantic,2025-01-25 04:50,7,Alt R&B
T025,U015,A018,Wake Me Up,True,2025-01-27 18:31,8,EDM
T011,U007,A007,The Search,The Search,2025-08-15 06:11,3,Hip-Hop
T008,U011,A005,Fix You,X&Y,2025-10-19 17:55,4,Alternative
T023,U013,A016,Faded,Different World,2025-02-01 01:58,8,EDM
T021,U004,A014,Beautiful Scars,Beautiful Scars,2025-01-24 13:15,3,Pop
T019,U013,A013,Lovely,N/A,2025-02-12 10:05,6,Pop
T001,U006,A001,NGL,N/A,2025-01-03 06:22,4,Hip-Hop
T007,U015,A005,Yellow,Parachutes,2025-10-01 18:36,7,Alternative
T008,U016,A005,Fix You,X&Y,2025-05-31 13:54,6,Alternative
T023,U009,A016,Faded,Different World,2025-11-09 07:49,7,EDM
T026,U013,A019,7 rings,"Thank U, Next",2025-10-10 14:25,3,Pop
T005,U019,A003,Nothing's Gonna Hurt You Baby,N/A,2025-08-23 16:38,1,Dream Pop
T005,U006,A003,Nothing's Gonna Hurt You Baby,N/A,2025-03-18 05:36,3,Dream Pop
T005,U018,A003,Nothing's Gonna Hurt You Baby,N/A,2025-02-06 21:30,3,Dream Pop
T011,U020,A007,The Search,The Search,2025-04-23 23:02,8,Hip-Hop
T013,U020,A008,Swim,Chase Atlantic,2025-03-29 21:25,8,Alt R&B
T021,U005,A014,Beautiful Scars,Beautiful Scars,2025-09-11 14:13,8,Pop
T018,U001,A012,Jeena Jeena,Badlapur,2025-08-31 04:12,2,Pop
T027,U003,A020,SAD!,?,2025-10-27 04:18,5,Hip-Hop
T002,U015,A002,Faint,Meteora,2025-05-07 23:05,1,Rock
T019,U004,A013,Lovely,N/A,2025-05-05 00:04,2,Pop
T010,U016,A006,Mockingbird,Encore,2025-03-31 14:56,1,Hip-Hop
T015,U002,A009,Kesariya,Brahmastra,2025-03-21 13:56,7,Playback
T008,U005,A005,Fix You,X&Y,2025-01-31 08:35,3,Alternative
T013,U014,A008,Swim,Chase Atlantic,2025-10-06 19:49,8,Alt R&B
T018,U010,A012,Jeena Jeena,Badlapur,2025-06-18 04:09,8,Pop
T001,U016,A001,NGL,N/A,2025-12-11 02:12,3,Hip-Hop
T003,U012,A002,Numb,Meteora,2025-12-29 14:35,7,Rock
T019,U011,A013,Lovely,N/A,2025-11-03 16:57,6,Pop
T014,U005,A008,Friends,Chase Atlantic,2025-07-07 19:55,5,Alt R&B
T018,U015,A012,Jeena Jeena,Badlapur,2025-11-29 00:42,8,Pop
T022,U017,A015,Alone,Joytime,2025-10-20 20:01,7,EDM
T016,U010,A010,Zara Sa,Jannat,2025-03-16 21:03,2,Playback
T025,U018,A018,Wake Me Up,True,2025-02-11 05:53,8,EDM
T011,U005,A007,The Search,The Search,2025-06-15 20:05,7,Hip-Hop
T010,U014,A006,Mockingbird,Encore,2025-01-30 18:40,8,Hip-Hop
T006,U008,A004,Sorry,Purpose,2025-06-17 20:19,2,Pop
T003,U012,A002,Numb,Meteora,2025-03-17 11:56,5,Rock
T011,U015,A007,The Search,The Search,2025-02-13 05:42,3,Hip-Hop
T006,U016,A004,Sorry,Purpose,2025-07-20 08:19,3,Pop
T026,U018,A019,7 rings,"Thank U, Next",2025-06-29 00:10,6,Pop
T013,U012,A008,Swim,Chase Atlantic,2025-04-13 18:06,4,Alt R&B
T017,U018,A011,To Phir Aao,Awarapan,2025-02-10 10:40,1,Rock
T008,U001,A005,Fix You,X&Y,2025-06-24 12:04,8,Alternative
T005,U020,A003,Nothing's Gonna Hurt You Baby,N/A,2025-09-24 08:14,4,Dream Pop
T016,U014,A010,Zara Sa,Jannat,2025-05-27 23:48,8,Playback
T013,U001,A008,Swim,Chase Atlantic,2025-06-25 00:31,8,Alt R&B
T002,U018,A002,Faint,Meteora,2025-01-31 17:16,4,Rock
T014,U020,A008,Friends,Chase Atlantic,2025-11-12 23:25,7,Alt R&B
T015,U016,A009,Kesariya,Brahmastra,2025-03-08 20:14,6,Playback
T002,U018,A002,Faint,Meteora,2025-01-25 20:05,2,Rock
T019,U014,A013,Lovely,N/A,2025-08-31 21:12,2,Pop
T021,U006,A014,Beautiful Scars,Beautiful Scars,2025-12-09 17:02,6,Pop
T023,U003,A016,Faded,Different World,2025-06-15 04:06,8,EDM
T012,U014,A007,Let You Down,Perception,2025-08-18 07:29,4,Hip-Hop
T017,U011,A011,To Phir Aao,Awarapan,2025-04-10 23:24,3,Rock
T010,U003,A006,Mockingbird,Encore,2025-06-25 21:09,2,Hip-Hop
T013,U007,A008,Swim,Chase Atlantic,2025-10-31 17:17,8,Alt R&B
T020,U006,A013,Birds of a Feather,Hit Me Hard and Soft,2025-07-11 16:49,1,Pop
T025,U005,A018,Wake Me Up,True,2025-05-03 06:30,4,EDM
T010,U004,A006,Mockingbird,Encore,2025-11-16 10:33,3,Hip-Hop
T015,U017,A009,Kesariya,Brahmastra,2025-11-29 14:56,4,Playback
T021,U013,A014,Beautiful Scars,Beautiful Scars,2025-06-27 11:22,6,Pop
T002,U018,A002,Faint,Meteora,2025-10-16 07:53,1,Rock
T007,U008,A005,Yellow,Parachutes,2025-08-02 15:13,1,Alternative
T026,U013,A019,7 rings,"Thank U, Next",2025-02-10 12:35,5,Pop
T019,U004,A013,Lovely,N/A,2025-11-15 11:21,7,Pop
T026,U002,A019,7 rings,"Thank U, Next",2025-05-11 22:06,3,Pop
T024,U001,A017,Night Changes,Four,2025-12-22 11:45,8,Pop
T007,U015,A005,Yellow,Parachutes,2025-08-28 12:25,5,Alternative
T019,U010,A013,Lovely,N/A,2025-02-13 11:05,4,Pop
T023,U012,A016,Faded,Different World,2025-10-03 12:37,3,EDM
T017,U009,A011,To Phir Aao,Awarapan,2025-10-31 01:51,2,Rock
T013,U020,A008,Swim,Chase Atlantic,2025-03-26 22:27,5,Alt R&B
T024,U008,A017,Night Changes,Four,2025-11-23 06:08,3,Pop
T017,U009,A011,To Phir Aao,Awarapan,2025-09-26 22:36,8,Rock
T002,U011,A002,Faint,Meteora,2025-06-07 17:21,6,Rock
T027,U007,A020,SAD!,?,2025-03-24 22:06,5,Hip-Hop
T022,U016,A015,Alone,Joytime,2025-03-09 19:33,8,EDM
T021,U001,A014,Beautiful Scars,Beautiful Scars,2025-07-15 06:57,5,Pop
T025,U001,A018,Wake Me Up,True,2025-03-29 03:19,4,EDM
T018,U018,A012,Jeena Jeena,Badlapur,2025-07-19 09:00,4,Pop
T011,U008,A007,The Search,The Search,2025-06-02 01:46,6,Hip-Hop
T014,U015,A008,Friends,Chase Atlantic,2025-03-21 00:28,6,Alt R&B
T022,U018,A015,Alone,Joytime,2025-03-03 15:23,2,EDM
T013,U017,A008,Swim,Chase Atlantic,2025-06-30 17:02,5,Alt R&B
T021,U009,A014,Beautiful Scars,Beautiful Scars,2025-05-24 18:07,8,Pop
T011,U003,A007,The Search,The Search,2025-09-01 12:49,3,Hip-Hop
T006,U014,A004,Sorry,Purpose,2025-12-18 11:27,4,Pop
T027,U006,A020,SAD!,?,2025-12-07 14:41,2,Hip-Hop
T027,U012,A020,SAD!,?,2025-11-23 06:19,3,Hip-Hop
T016,U009,A010,Zara Sa,Jannat,2025-11-15 03:46,8,Playback
T025,U001,A018,Wake Me Up,True,2025-05-14 23:28,7,EDM
T020,U017,A013,Birds of a Feather,Hit Me Hard and Soft,2025-08-28 15:57,4,Pop
T018,U016,A012,Jeena Jeena,Badlapur,2025-08-18 02:15,6,Pop
T003,U012,A002,Numb,Meteora,2025-10-10 17:38,1,Rock
T017,U012,A011,To Phir Aao,Awarapan,2025-11-12 13:34,6,Rock
T010,U007,A006,Mockingbird,Encore,2025-12-14 09:12,2,Hip-Hop
T013,U011,A008,Swim,Chase Atlantic,2025-03-19 05:03,2,Alt R&B
T004,U018,A003,Apocalypse,Cigarettes After Sex,2025-12-14 07:33,7,Dream Pop
T015,U019,A009,Kesariya,Brahmastra,2025-02-04 21:21,3,Playback
T023,U011,A016,Faded,Different World,2025-04-21 17:55,8,EDM
T007,U003,A005,Yellow,Parachutes,2025-01-22 03:59,6,Alternative
T023,U004,A016,Faded,Different World,2025-05-04 10:44,3,EDM
T002,U009,A002,Faint,Meteora,2025-01-26 18:38,4,Rock
T026,U004,A019,7 rings,"Thank U, Next",2025-03-28 20:11,5,Pop
T011,U017,A007,The Search,The Search,2025-08-12 23:12,2,Hip-Hop
T020,U008,A013,Birds of a Feather,Hit Me Hard and Soft,2025-07-11 17:27,2,Pop
T018,U009,A012,Jeena Jeena,Badlapur,2025-03-24 01:27,7,Pop
T010,U019,A006,Mockingbird,Encore,2025-05-02 14:11,7,Hip-Hop
T001,U002,A001,NGL,N/A,2025-11-03 00:53,6,Hip-Hop
T026,U009,A019,7 rings,"Thank U, Next",2025-04-18 15:07,7,Pop
T004,U019,A003,Apocalypse,Cigarettes After Sex,2025-01-23 23:34,6,Dream Pop
T011,U010,A007,The Search,The Search,2025-04-21 00:11,3,Hip-Hop
T006,U010,A004,Sorry,Purpose,2025-04-28 04:35,5,Pop
T017,U018,A011,To Phir Aao,Awarapan,2025-12-08 07:25,6,Rock
T019,U008,A013,Lovely,N/A,2025-05-07 02:28,2,Pop
T021,U010,A014,Beautiful Scars,Beautiful Scars,2025-02-16 14:19,7,Pop
T019,U006,A013,Lovely,N/A,2025-11-08 06:51,3,Pop
T011,U014,A007,The Search,The Search,2025-11-13 19:31,7,Hip-Hop
T020,U011,A013,Birds of a Feather,Hit Me Hard and Soft,2025-12-05 01:56,1,Pop
T004,U009,A003,Apocalypse,Cigarettes After Sex,2025-04-01 05:58,6,Dream Pop
T026,U011,A019,7 rings,"Thank U, Next",2025-08-21 22:38,2,Pop
T013,U006,A008,Swim,Chase Atlantic,2025-01-20 02:09,8,Alt R&B
T018,U010,A012,Jeena Jeena,Badlapur,2025-06-20 02:12,7,Pop
T016,U013,A010,Zara Sa,Jannat,2025-04-20 23:00,8,Playback
T015,U018,A009,Kesariya,Brahmastra,2025-10-15 00:26,4,Playback
T004,U003,A003,Apocalypse,Cigarettes After Sex,2025-12-10 20:51,5,Dream Pop
T014,U004,A008,Friends,Chase Atlantic,2025-12-16 07:38,1,Alt R&B
T005,U019,A003,Nothing's Gonna Hurt You Baby,N/A,2025-12-30 19:17,7,Dream Pop
T012,U008,A007,Let You Down,Perception,2025-01-16 01:38,8,Hip-Hop
T012,U010,A007,Let You Down,Perception,2025-03-07 02:50,4,Hip-Hop
T003,U003,A002,Numb,Meteora,2025-05-25 15:21,6,Rock
T020,U004,A013,Birds of a Feather,Hit Me Hard and Soft,2025-02-18 17:14,2,Pop
T012,U014,A007,Let You Down,Perception,2025-09-02 08:37,4,Hip-Hop
T004,U001,A003,Apocalypse,Cigarettes After Sex,2025-08-30 06:20,4,Dream Pop
T009,U015,A006,Lose Yourself,8 Mile,2025-08-09 21:58,4,Hip-Hop
T022,U008,A015,Alone,Joytime,2025-07-17 04:26,4,EDM
T009,U006,A006,Lose Yourself,8 Mile,2025-11-20 04:08,1,Hip-Hop
T020,U006,A013,Birds of a Feather,Hit Me Hard and Soft,2025-03-21 22:41,2,Pop
T004,U010,A003,Apocalypse,Cigarettes After Sex,2025-04-20 20:10,7,Dream Pop
T010,U014,A006,Mockingbird,Encore,2025-12-01 07:23,8,Hip-Hop
T024,U001,A017,Night Changes,Four,2025-07-15 16:46,2,Pop
T014,U017,A008,Friends,Chase Atlantic,2025-10-18 02:01,2,Alt R&B
T016,U004,A010,Zara Sa,Jannat,2025-06-28 10:01,5,Playback
T015,U010,A009,Kesariya,Brahmastra,2025-08-14 08:55,8,Playback
T014,U018,A008,Friends,Chase Atlantic,2025-04-17 13:54,2,Alt R&B
T022,U008,A015,Alone,Joytime,2025-06-04 07:08,1,EDM
T017,U020,A011,To Phir Aao,Awarapan,2025-03-31 16:48,3,Rock
T022,U014,A015,Alone,Joytime,2025-10-12 20:43,7,EDM
T026,U005,A019,7 rings,"Thank U, Next",2025-04-02 06:57,8,Pop
T018,U003,A012,Jeena Jeena,Badlapur,2025-12-08 19:04,1,Pop
T015,U013,A009,Kesariya,Brahmastra,2025-07-15 06:18,1,Playback
T017,U012,A011,To Phir Aao,Awarapan,2025-01-20 09:11,6,Rock
T017,U012,A011,To Phir Aao,Awarapan,2025-05-28 20:44,4,Rock
T013,U018,A008,Swim,Chase Atlantic,2025-06-05 14:36,1,Alt R&B
T008,U018,A005,Fix You,X&Y,2025-03-26 00:50,1,Alternative
T007,U010,A005,Yellow,Parachutes,2025-02-19 13:15,5,Alternative
T023,U007,A016,Faded,Different World,2025-01-06 15:05,6,EDM
T019,U006,A013,Lovely,N/A,2025-10-11 04:50,2,Pop
T024,U003,A017,Night Changes,Four,2025-04-08 11:07,4,Pop
T006,U012,A004,Sorry,Purpose,2025-03-16 04:20,7,Pop
T015,U016,A009,Kesariya,Brahmastra,2025-08-03 22:07,5,Playback
T027,U008,A020,SAD!,?,2025-09-25 00:28,5,Hip-Hop
T009,U003,A006,Lose Yourself,8 Mile,2025-08-17 04:49,5,Hip-Hop
T005,U007,A003,Nothing's Gonna Hurt You Baby,N/A,2025-07-09 20:42,1,Dream Pop
T012,U003,A007,Let You Down,Perception,2025-11-07 03:22,6,Hip-Hop
T025,U005,A018,Wake Me Up,True,2025-11-05 18:11,4,EDM
T008,U005,A005,Fix You,X&Y,2025-11-25 21:14,8,Alternative
T005,U008,A003,Nothing's Gonna Hurt You Baby,N/A,2025-05-26 07:28,7,Dream Pop
T024,U011,A017,Night Changes,Four,2025-06-07 12:18,8,Pop
T022,U007,A015,Alone,Joytime,2025-09-13 07:06,2,EDM
T005,U014,A003,Nothing's Gonna Hurt You Baby,N/A,2025-08-01 23:20,6,Dream Pop
T012,U003,A007,Let You Down,Perception,2025-10-28 07:24,1,Hip-Hop
T022,U003,A015,Alone,Joytime,2025-03-10 22:03,5,EDM
T002,U016,A002,Faint,Meteora,2025-11-26 08:01,4,Rock
T018,U012,A012,Jeena Jeena,Badlapur,2025-05-24 02:20,7,Pop
T009,U013,A006,Lose Yourself,8 Mile,2025-04-24 07:20,8,Hip-Hop
T027,U005,A020,SAD!,?,2025-04-15 15:16,1,Hip-Hop
T010,U009,A006,Mockingbird,Encore,2025-05-10 14:07,8,Hip-Hop
T009,U013,A006,Lose Yourself,8 Mile,2025-10-14 06:34,8,Hip-Hop
T006,U008,A004,Sorry,Purpose,2025-06-14 12:22,1,Pop
T002,U007,A002,Faint,Meteora,2025-01-29 21:27,3,Rock
T018,U007,A012,Jeena Jeena,Badlapur,2025-04-14 15:14,5,Pop
T006,U004,A004,Sorry,Purpose,2025-01-05 06:40,3,Pop
T014,U016,A008,Friends,Chase Atlantic,2025-06-10 11:44,8,Alt R&B
T003,U004,A002,Numb,Meteora,2025-05-07 01:13,7,Rock
T020,U009,A013,Birds of a Feather,Hit Me Hard and Soft,2025-08-16 04:56,2,Pop
T001,U015,A001,NGL,N/A,2025-07-22 17:26,2,Hip-Hop
T006,U019,A004,Sorry,Purpose,2025-03-10 08:00,8,Pop
T012,U009,A007,Let You Down,Perception,2025-06-23 08:47,1,Hip-Hop
T011,U017,A007,The Search,The Search,2025-12-01 04:27,1,Hip-Hop
T024,U011,A017,Night Changes,Four,2025-11-12 04:40,8,Pop
T011,U016,A007,The Search,The Search,2025-12-18 18:27,6,Hip-Hop
T004,U011,A003,Apocalypse,Cigarettes After Sex,2025-06-17 05:22,7,Dream Pop
T019,U020,A013,Lovely,N/A,2025-02-25 17:30,2,Pop
T020,U019,A013,Birds of a Feather,Hit Me Hard and Soft,2025-11-20 05:19,3,Pop
T022,U007,A015,Alone,Joytime,2025-06-12 15:00,3,EDM
T023,U019,A016,Faded,Different World,2025-09-05 01:53,5,EDM
T009,U006,A006,Lose Yourself,8 Mile,2025-04-21 07:00,8,Hip-Hop
T005,U012,A003,Nothing's Gonna Hurt You Baby,N/A,2025-10-01 14:33,7,Dream Pop
T001,U007,A001,NGL,N/A,2025-01-13 02:14,8,Hip-Hop
T006,U013,A004,Sorry,Purpose,2025-10-10 21:08,1,Pop
T001,U016,A001,NGL,N/A,2025-12-13 04:42,2,Hip-Hop
T018,U006,A012,Jeena Jeena,Badlapur,2025-12-27 16:45,6,Pop
T008,U020,A005,Fix You,X&Y,2025-10-15 06:54,6,Alternative
T019,U020,A013,Lovely,N/A,2025-01-16 23:09,8,Pop
T017,U007,A011,To Phir Aao,Awarapan,2025-06-03 09:20,3,Rock
T025,U006,A018,Wake Me Up,True,2025-09-23 17:28,6,EDM
T013,U008,A008,Swim,Chase Atlantic,2025-11-01 15:01,7,Alt R&B
T006,U012,A004,Sorry,Purpose,2025-10-22 17:13,6,Pop
T018,U017,A012,Jeena Jeena,Badlapur,2025-01-05 20:45,7,Pop
T008,U019,A005,Fix You,X&Y,2025-01-27 05:10,7,Alternative
T016,U016,A010,Zara Sa,Jannat,2025-10-02 14:18,4,Playback
T023,U004,A016,Faded,Different World,2025-10-16 07:16,4,EDM
T025,U002,A018,Wake Me Up,True,2025-10-13 20:16,4,EDM
T015,U016,A009,Kesariya,Brahmastra,2025-03-31 08:31,8,Playback
T017,U010,A011,To Phir Aao,Awarapan,2025-03-06 16:41,8,Rock
T024,U001,A017,Night Changes,Four,2025-10-22 01:07,3,Pop
T006,U012,A004,Sorry,Purpose,2025-05-09 09:00,8,Pop
T024,U006,A017,Night Changes,Four,2025-02-28 23:46,4,Pop
T014,U004,A008,Friends,Chase Atlantic,2025-09-26 20:07,1,Alt R&B
T020,U014,A013,Birds of a Feather,Hit Me Hard and Soft,2025-04-27 16:40,8,Pop
T006,U008,A004,Sorry,Purpose,2025-10-13 19:29,6,Pop
T009,U016,A006,Lose Yourself,8 Mile,2025-12-12 23:21,4,Hip-Hop
T004,U002,A003,Apocalypse,Cigarettes After Sex,2025-06-28 11:42,3,Dream Pop
T027,U003,A020,SAD!,?,2025-02-19 23:33,6,Hip-Hop
T007,U020,A005,Yellow,Parachutes,2025-02-26 17:41,7,Alternative
T002,U007,A002,Faint,Meteora,2025-05-07 10:58,1,Rock
T012,U002,A007,Let You Down,Perception,2025-11-19 21:56,1,Hip-Hop
T020,U007,A013,Birds of a Feather,Hit Me Hard and Soft,2025-03-17 10:13,3,Pop
T002,U003,A002,Faint,Meteora,2025-08-11 10:28,7,Rock
T018,U001,A012,Jeena Jeena,Badlapur,2025-10-15 13:47,2,Pop
T013,U012,A008,Swim,Chase Atlantic,2025-05-17 10:47,4,Alt R&B
T004,U008,A003,Apocalypse,Cigarettes After Sex,2025-07-10 20:24,7,Dream Pop
T007,U003,A005,Yellow,Parachutes,2025-04-16 21:18,1,Alternative
T019,U004,A013,Lovely,N/A,2025-08-05 23:47,2,Pop
T002,U011,A002,Faint,Meteora,2025-05-23 03:29,7,Rock
T020,U007,A013,Birds of a Feather,Hit Me Hard and Soft,2025-11-18 10:07,7,Pop
T002,U019,A002,Faint,Meteora,2025-11-18 11:33,2,Rock
T023,U019,A016,Faded,Different World,2025-05-19 12:55,3,EDM
T017,U018,A011,To Phir Aao,Awarapan,2025-09-22 11:24,7,Rock
T019,U019,A013,Lovely,N/A,2025-03-30 08:38,8,Pop
T007,U014,A005,Yellow,Parachutes,2025-10-05 12:30,3,Alternative
T017,U006,A011,To Phir Aao,Awarapan,2025-06-22 22:29,5,Rock
T005,U014,A003,Nothing's Gonna Hurt You Baby,N/A,2025-10-07 19:53,7,Dream Pop
T024,U011,A017,Night Changes,Four,2025-06-11 18:09,2,Pop
T009,U020,A006,Lose Yourself,8 Mile,2025-03-05 04:13,1,Hip-Hop
T008,U013,A005,Fix You,X&Y,2025-08-16 11:02,2,Alternative
T015,U013,A009,Kesariya,Brahmastra,2025-06-15 09:26,7,Playback
T009,U010,A006,Lose Yourself,8 Mile,2025-02-03 05:55,5,Hip-Hop
T013,U003,A008,Swim,Chase Atlantic,2025-02-26 06:41,3,Alt R&B
T018,U018,A012,Jeena Jeena,Badlapur,2025-10-11 01:16,1,Pop
T007,U009,A005,Yellow,Parachutes,2025-10-15 06:02,4,Alternative
T026,U014,A019,7 rings,"Thank U, Next",2025-11-08 22:59,7,Pop
T010,U006,A006,Mockingbird,Encore,2025-11-24 04:06,5,Hip-Hop
T017,U006,A011,To Phir Aao,Awarapan,2025-01-08 08:05,7,Rock
T023,U019,A016,Faded,Different World,2025-08-29 14:53,3,EDM
T010,U019,A006,Mockingbird,Encore,2025-10-09 12:42,7,Hip-Hop
T022,U006,A015,Alone,Joytime,2025-10-25 06:35,6,EDM
T015,U020,A009,Kesariya,Brahmastra,2025-02-02 15:45,3,Playback
T005,U010,A003,Nothing's Gonna Hurt You Baby,N/A,2025-12-20 03:41,6,Dream Pop
T004,U009,A003,Apocalypse,Cigarettes After Sex,2025-05-02 21:31,4,Dream Pop
T018,U017,A012,Jeena Jeena,Badlapur,2025-01-24 09:24,7,Pop
T011,U020,A007,The Search,The Search,2025-05-03 10:42,5,Hip-Hop
T026,U002,A019,7 rings,"Thank U, Next",2025-07-28 06:29,8,Pop
T027,U014,A020,SAD!,?,2025-02-19 09:55,8,Hip-Hop
T001,U015,A001,NGL,N/A,2025-09-08 20:20,7,Hip-Hop
T018,U002,A012,Jeena Jeena,Badlapur,2025-03-22 19:37,2,Pop
T018,U004,A012,Jeena Jeena,Badlapur,2025-09-16 12:09,2,Pop
T002,U008,A002,Faint,Meteora,2025-08-09 22:28,5,Rock
T011,U018,A007,The Search,The Search,2025-05-06 08:25,6,Hip-Hop
T015,U009,A009,Kesariya,Brahmastra,2025-02-17 14:59,8,Playback
T016,U006,A010,Zara Sa,Jannat,2025-04-09 23:10,1,Playback
T011,U001,A007,The Search,The Search,2025-07-02 12:09,3,Hip-Hop
T015,U017,A009,Kesariya,Brahmastra,2025-08-17 14:00,8,Playback
T003,U013,A002,Numb,Meteora,2025-04-20 15:37,8,Rock
T023,U010,A016,Faded,Different World,2025-03-06 22:38,6,EDM
T022,U017,A015,Alone,Joytime,2025-02-09 06:36,1,EDM
T018,U001,A012,Jeena Jeena,Badlapur,2025-03-16 09:10,1,Pop
T018,U010,A012,Jeena Jeena,Badlapur,2025-03-12 10:16,1,Pop
T012,U009,A007,Let You Down,Perception,2025-07-26 16:05,7,Hip-Hop
T001,U011,A001,NGL,N/A,2025-12-26 03:36,3,Hip-Hop
T021,U002,A014,Beautiful Scars,Beautiful Scars,2025-05-22 11:34,5,Pop
T026,U008,A019,7 rings,"Thank U, Next",2025-10-04 04:59,6,Pop
T024,U020,A017,Night Changes,Four,2025-11-09 07:33,6,Pop
T026,U020,A019,7 rings,"Thank U, Next",2025-04-08 21:09,7,Pop
T027,U003,A020,SAD!,?,2025-12-28 06:16,3,Hip-Hop
T001,U018,A001,NGL,N/A,2025-11-19 14:45,6,Hip-Hop
T018,U014,A012,Jeena Jeena,Badlapur,2025-07-01 16:09,5,Pop
T027,U010,A020,SAD!,?,2025-01-12 05:37,3,Hip-Hop
T005,U019,A003,Nothing's Gonna Hurt You Baby,N/A,2025-01-22 00:18,4,Dream Pop
T024,U005,A017,Night Changes,Four,2025-08-08 06:18,6,Pop
T014,U016,A008,Friends,Chase Atlantic,2025-08-13 05:15,1,Alt R&B
T005,U015,A003,Nothing's Gonna Hurt You Baby,N/A,2025-04-09 06:26,7,Dream Pop
T015,U008,A009,Kesariya,Brahmastra,2025-09-14 10:47,1,Playback
T025,U011,A018,Wake Me Up,True,2025-05-24 06:09,3,EDM
T015,U020,A009,Kesariya,Brahmastra,2025-06-21 03:08,8,Playback
T017,U011,A011,To Phir Aao,Awarapan,2025-03-20 21:27,4,Rock
T001,U010,A001,NGL,N/A,2025-08-13 08:06,5,Hip-Hop
T005,U019,A003,Nothing's Gonna Hurt You Baby,N/A,2025-07-02 04:06,5,Dream Pop
T022,U003,A015,Alone,Joytime,2025-08-19 13:01,7,EDM
T022,U011,A015,Alone,Joytime,2025-11-13 02:13,6,EDM
T008,U017,A005,Fix You,X&Y,2025-06-02 18:43,1,Alternative
T004,U001,A003,Apocalypse,Cigarettes After Sex,2025-12-20 13:18,3,Dream Pop
T013,U001,A008,Swim,Chase Atlantic,2025-09-29 14:42,4,Alt R&B
T006,U019,A004,Sorry,Purpose,2025-07-14 07:01,5,Pop
T005,U018,A003,Nothing's Gonna Hurt You Baby,N/A,2025-03-04 08:23,3,Dream Pop
T021,U013,A014,Beautiful Scars,Beautiful Scars,2025-10-23 22:02,6,Pop
T021,U007,A014,Beautiful Scars,Beautiful Scars,2025-12-18 23:55,4,Pop
T009,U009,A006,Lose Yourself,8 Mile,2025-12-03 20:42,5,Hip-Hop
T014,U010,A008,Friends,Chase Atlantic,2025-03-21 16:12,4,Alt R&B
T003,U020,A002,Numb,Meteora,2025-08-26 03:45,6,Rock
T024,U003,A017,Night Changes,Four,2025-10-21 22:39,5,Pop
T005,U013,A003,Nothing's Gonna Hurt You Baby,N/A,2025-12-31 00:55,8,Dream Pop
T005,U007,A003,Nothing's Gonna Hurt You Baby,N/A,2025-09-06 01:19,4,Dream Pop
T017,U009,A011,To Phir Aao,Awarapan,2025-03-01 15:46,2,Rock
T022,U018,A015,Alone,Joytime,2025-03-29 21:22,1,EDM
T019,U011,A013,Lovely,N/A,2025-03-21 22:43,1,Pop
T004,U008,A003,Apocalypse,Cigarettes After Sex,2025-05-05 10:38,3,Dream Pop
T003,U002,A002,Numb,Meteora,2025-11-16 13:24,7,Rock
T025,U003,A018,Wake Me Up,True,2025-03-08 11:29,6,EDM
T003,U016,A002,Numb,Meteora,2025-12-07 14:39,4,Rock
T010,U004,A006,Mockingbird,Encore,2025-12-19 23:21,4,Hip-Hop
T011,U018,A007,The Search,The Search,2025-03-04 00:46,3,Hip-Hop
T023,U007,A016,Faded,Different World,2025-11-07 12:21,6,EDM
T001,U004,A001,NGL,N/A,2025-07-26 06:21,2,Hip-Hop
T002,U016,A002,Faint,Meteora,2025-05-03 07:40,4,Rock
T025,U010,A018,Wake Me Up,True,2025-11-07 12:16,5,EDM
T008,U019,A005,Fix You,X&Y,2025-04-12 22:54,1,Alternative
T018,U008,A012,Jeena Jeena,Badlapur,2025-02-28 14:12,2,Pop
T014,U017,A008,Friends,Chase Atlantic,2025-11-22 09:48,2,Alt R&B
T023,U009,A016,Faded,Different World,2025-05-09 11:39,1,EDM
T026,U002,A019,7 rings,"Thank U, Next",2025-08-09 23:39,4,Pop
T024,U008,A017,Night Changes,Four,2025-09-24 20:44,1,Pop
T006,U007,A004,Sorry,Purpose,2025-12-27 17:52,6,Pop
T021,U001,A014,Beautiful Scars,Beautiful Scars,2025-06-26 17:08,3,Pop
T016,U006,A010,Zara Sa,Jannat,2025-07-07 12:47,6,Playback
T014,U015,A008,Friends,Chase Atlantic,2025-08-10 12:32,5,Alt R&B
T002,U008,A002,Faint,Meteora,2025-12-28 06:16,4,Rock
T008,U017,A005,Fix You,X&Y,2025-09-15 14:46,6,Alternative
T010,U009,A006,Mockingbird,Encore,2025-11-10 11:43,6,Hip-Hop
T004,U001,A003,Apocalypse,Cigarettes After Sex,2025-10-17 07:00,8,Dream Pop
T006,U018,A004,Sorry,Purpose,2025-07-17 22:36,6,Pop
T027,U019,A020,SAD!,?,2025-02-16 07:14,5,Hip-Hop
T014,U001,A008,Friends,Chase Atlantic,2025-05-03 19:01,4,Alt R&B
T019,U015,A013,Lovely,N/A,2025-06-28 05:30,5,Pop
T024,U017,A017,Night Changes,Four,2025-04-08 04:57,2,Pop
T015,U008,A009,Kesariya,Brahmastra,2025-01-16 14:56,3,Playback
T002,U018,A002,Faint,Meteora,2025-02-21 05:36,7,Rock
T011,U002,A007,The Search,The Search,2025-06-20 17:20,2,Hip-Hop
T007,U004,A005,Yellow,Parachutes,2025-04-01 15:27,1,Alternative
T002,U019,A002,Faint,Meteora,2025-04-12 01:16,7,Rock
T005,U008,A003,Nothing's Gonna Hurt You Baby,N/A,2025-11-10 02:23,5,Dream Pop
T007,U013,A005,Yellow,Parachutes,2025-09-15 11:32,8,Alternative
T009,U018,A006,Lose Yourself,8 Mile,2025-04-07 16:21,5,Hip-Hop
T009,U002,A006,Lose Yourself,8 Mile,2025-01-14 22:55,4,Hip-Hop
T023,U011,A016,Faded,Different World,2025-09-02 06:24,3,EDM
T017,U001,A011,To Phir Aao,Awarapan,2025-02-09 02:49,2,Rock
T021,U017,A014,Beautiful Scars,Beautiful Scars,2025-07-07 09:34,8,Pop
T015,U010,A009,Kesariya,Brahmastra,2025-07-14 21:59,7,Playback
T008,U005,A005,Fix You,X&Y,2025-09-14 06:31,6,Alternative
T024,U019,A017,Night Changes,Four,2025-05-27 08:59,4,Pop
T002,U020,A002,Faint,Meteora,2025-02-11 10:59,6,Rock
T014,U010,A008,Friends,Chase Atlantic,2025-02-19 01:20,1,Alt R&B
T012,U019,A007,Let You Down,Perception,2025-06-19 02:29,1,Hip-Hop
T026,U020,A019,7 rings,"Thank U, Next",2025-07-04 09:28,1,Pop
T025,U001,A018,Wake Me Up,True,2025-11-03 11:01,6,EDM
T027,U014,A020,SAD!,?,2025-05-26 03:40,5,Hip-Hop
T011,U013,A007,The Search,The Search,2025-10-23 03:16,6,Hip-Hop
T012,U016,A007,Let You Down,Perception,2025-02-03 03:01,8,Hip-Hop
T017,U002,A011,To Phir Aao,Awarapan,2025-05-26 05:08,3,Rock
T027,U004,A020,SAD!,?,2025-06-06 22:01,2,Hip-Hop
T018,U016,A012,Jeena Jeena,Badlapur,2025-09-08 03:18,6,Pop
T020,U003,A013,Birds of a Feather,Hit Me Hard and Soft,2025-08-12 11:51,7,Pop
T017,U003,A011,To Phir Aao,Awarapan,2025-09-22 00:50,5,Rock
T002,U017,A002,Faint,Meteora,2025-09-24 14:15,6,Rock
T011,U010,A007,The Search,The Search,2025-08-26 15:17,4,Hip-Hop
T016,U009,A010,Zara Sa,Jannat,2025-06-11 18:11,1,Playback
T027,U003,A020,SAD!,?,2025-07-20 18:24,6,Hip-Hop
T015,U009,A009,Kesariya,Brahmastra,2025-02-13 11:45,1,Playback
T003,U020,A002,Numb,Meteora,2025-06-28 00:55,4,Rock
T001,U018,A001,NGL,N/A,2025-08-10 08:40,5,Hip-Hop
T025,U013,A018,Wake Me Up,True,2025-09-28 07:31,8,EDM
T009,U015,A006,Lose Yourself,8 Mile,2025-06-06 15:44,5,Hip-Hop
T011,U006,A007,The Search,The Search,2025-01-31 09:53,8,Hip-Hop
T022,U011,A015,Alone,Joytime,2025-11-08 03:50,5,EDM
T002,U009,A002,Faint,Meteora,2025-08-20 05:40,3,Rock
T017,U013,A011,To Phir Aao,Awarapan,2025-03-13 23:25,2,Rock
T011,U012,A007,The Search,The Search,2025-08-09 12:50,7,Hip-Hop
T003,U014,A002,Numb,Meteora,2025-04-09 20:01,3,Rock
T007,U011,A005,Yellow,Parachutes,2025-12-17 14:27,2,Alternative
T019,U006,A013,Lovely,N/A,2025-11-07 04:55,8,Pop
T024,U018,A017,Night Changes,Four,2025-02-16 16:09,7,Pop
T013,U020,A008,Swim,Chase Atlantic,2025-01-24 09:56,7,Alt R&B
T011,U017,A007,The Search,The Search,2025-09-22 21:40,3,Hip-Hop
T010,U016,A006,Mockingbird,Encore,2025-06-27 07:37,2,Hip-Hop
T017,U003,A011,To Phir Aao,Awarapan,2025-08-05 05:54,5,Rock
T025,U011,A018,Wake Me Up,True,2025-08-17 12:22,3,EDM
T013,U014,A008,Swim,Chase Atlantic,2025-08-05 19:24,2,Alt R&B
T013,U018,A008,Swim,Chase Atlantic,2025-05-04 20:11,8,Alt R&B
T002,U013,A002,Faint,Meteora,2025-10-04 05:42,2,Rock
T027,U007,A020,SAD!,?,2025-01-06 00:28,7,Hip-Hop
T014,U014,A008,Friends,Chase Atlantic,2025-11-13 07:56,8,Alt R&B
T004,U003,A003,Apocalypse,Cigarettes After Sex,2025-03-12 03:56,5,Dream Pop
T025,U014,A018,Wake Me Up,True,2025-12-21 03:45,8,EDM
T001,U010,A001,NGL,N/A,2025-10-13 13:14,6,Hip-Hop
T002,U004,A002,Faint,Meteora,2025-07-24 15:38,3,Rock
T009,U007,A006,Lose Yourself,8 Mile,2025-08-27 00:57,5,Hip-Hop
T022,U003,A015,Alone,Joytime,2025-05-17 18:52,1,EDM
T002,U017,A002,Faint,Meteora,2025-11-28 19:54,8,Rock
T021,U001,A014,Beautiful Scars,Beautiful Scars,2025-08-31 23:14,2,Pop
T002,U005,A002,Faint,Meteora,2025-05-17 12:38,6,Rock
T005,U020,A003,Nothing's Gonna Hurt You Baby,N/A,2025-10-19 22:16,3,Dream Pop
T016,U002,A010,Zara Sa,Jannat,2025-06-20 00:37,4,Playback
T026,U015,A019,7 rings,"Thank U, Next",2025-09-28 16:09,6,Pop
T023,U016,A016,Faded,Different World,2025-03-13 15:22,2,EDM
T005,U003,A003,Nothing's Gonna Hurt You Baby,N/A,2025-08-08 05:13,2,Dream Pop
T023,U002,A016,Faded,Different World,2025-06-12 02:20,1,EDM
T007,U018,A005,Yellow,Parachutes,2025-07-03 08:18,1,Alternative
T027,U007,A020,SAD!,?,2025-06-11 03:40,4,Hip-Hop
T010,U015,A006,Mockingbird,Encore,2025-11-26 07:20,6,Hip-Hop
T020,U010,A013,Birds of a Feather,Hit Me Hard and Soft,2025-08-06 22:48,3,Pop
T023,U005,A016,Faded,Different World,2025-08-27 18:20,3,EDM
T002,U018,A002,Faint,Meteora,2025-04-26 22:13,4,Rock
T016,U011,A010,Zara Sa,Jannat,2025-08-02 23:12,7,Playback
T004,U018,A003,Apocalypse,Cigarettes After Sex,2025-10-03 08:38,1,Dream Pop
T015,U015,A009,Kesariya,Brahmastra,2025-03-29 13:38,2,Playback
T027,U007,A020,SAD!,?,2025-11-18 12:37,5,Hip-Hop
T016,U011,A010,Zara Sa,Jannat,2025-01-07 13:03,6,Playback
T006,U008,A004,Sorry,Purpose,2025-12-10 09:45,3,Pop
T017,U008,A011,To Phir Aao,Awarapan,2025-12-26 16:27,2,Rock
T020,U006,A013,Birds of a Feather,Hit Me Hard and Soft,2025-04-15 15:54,2,Pop
T003,U010,A002,Numb,Meteora,2025-05-02 06:02,8,Rock
T018,U016,A012,Jeena Jeena,Badlapur,2025-10-18 18:17,6,Pop
T002,U020,A002,Faint,Meteora,2025-04-19 10:40,3,Rock
T013,U011,A008,Swim,Chase Atlantic,2025-12-31 19:44,4,Alt R&B
T005,U006,A003,Nothing's Gonna Hurt You Baby,N/A,2025-01-29 07:16,5,Dream Pop
T007,U005,A005,Yellow,Parachutes,2025-04-09 04:21,3,Alternative
T003,U018,A002,Numb,Meteora,2025-01-01 04:52,5,Rock
T013,U018,A008,Swim,Chase Atlantic,2025-04-25 23:34,7,Alt R&B
T027,U019,A020,SAD!,?,2025-07-15 21:14,2,Hip-Hop
T010,U018,A006,Mockingbird,Encore,2025-11-20 06:24,2,Hip-Hop
T015,U010,A009,Kesariya,Brahmastra,2025-03-19 09:21,5,Playback
T009,U018,A006,Lose Yourself,8 Mile,2025-09-06 11:11,2,Hip-Hop
T016,U015,A010,Zara Sa,Jannat,2025-01-05 16:56,6,Playback
T012,U015,A007,Let You Down,Perception,2025-08-06 17:23,3,Hip-Hop
T008,U019,A005,Fix You,X&Y,2025-06-04 03:36,8,Alternative
T010,U019,A006,Mockingbird,Encore,2025-04-21 18:35,2,Hip-Hop
T027,U015,A020,SAD!,?,2025-07-03 03:21,5,Hip-Hop
T010,U014,A006,Mockingbird,Encore,2025-03-09 02:32,3,Hip-Hop
T021,U011,A014,Beautiful Scars,Beautiful Scars,2025-02-24 23:09,2,Pop
T011,U006,A007,The Search,The Search,2025-10-09 18:23,1,Hip-Hop
T027,U014,A020,SAD!,?,2025-07-07 13:51,3,Hip-Hop
T007,U013,A005,Yellow,Parachutes,2025-12-15 06:12,4,Alternative
T009,U013,A006,Lose Yourself,8 Mile,2025-05-24 02:46,7,Hip-Hop
T013,U013,A008,Swim,Chase Atlantic,2025-09-22 06:08,1,Alt R&B
T013,U011,A008,Swim,Chase Atlantic,2025-10-21 03:57,8,Alt R&B
T027,U018,A020,SAD!,?,2025-08-01 18:03,8,Hip-Hop
T011,U013,A007,The Search,The Search,2025-12-07 17:46,6,Hip-Hop
T001,U016,A001,NGL,N/A,2025-01-31 18:29,3,Hip-Hop
T005,U011,A003,Nothing's Gonna Hurt You Baby,N/A,2025-04-01 06:57,6,Dream Pop
T010,U016,A006,Mockingbird,Encore,2025-10-02 08:17,2,Hip-Hop
T020,U013,A013,Birds of a Feather,Hit Me Hard and Soft,2025-12-20 22:43,3,Pop
T004,U014,A003,Apocalypse,Cigarettes After Sex,2025-10-08 15:39,4,Dream Pop
T015,U013,A009,Kesariya,Brahmastra,2025-05-24 04:47,1,Playback
T014,U003,A008,Friends,Chase Atlantic,2025-10-12 17:14,3,Alt R&B
T007,U016,A005,Yellow,Parachutes,2025-02-21 09:38,3,Alternative
T009,U006,A006,Lose Yourself,8 Mile,2025-01-12 12:32,3,Hip-Hop
T011,U013,A007,The Search,The Search,2025-12-31 18:38,2,Hip-Hop
T017,U005,A011,To Phir Aao,Awarapan,2025-10-25 11:17,6,Rock
T014,U012,A008,Friends,Chase Atlantic,2025-11-12 06:50,1,Alt R&B
T023,U008,A016,Faded,Different World,2025-06-26 12:01,2,EDM
T013,U008,A008,Swim,Chase Atlantic,2025-05-04 22:16,8,Alt R&B
T023,U010,A016,Faded,Different World,2025-09-17 23:05,1,EDM
T004,U006,A003,Apocalypse,Cigarettes After Sex,2025-01-13 09:53,8,Dream Pop
T023,U018,A016,Faded,Different World,2025-03-02 07:07,4,EDM
T004,U015,A003,Apocalypse,Cigarettes After Sex,2025-03-25 16:24,1,Dream Pop
T013,U017,A008,Swim,Chase Atlantic,2025-07-29 03:16,4,Alt R&B
T027,U012,A020,SAD!,?,2025-04-20 22:12,2,Hip-Hop
T004,U001,A003,Apocalypse,Cigarettes After Sex,2025-03-30 07:03,1,Dream Pop
T010,U016,A006,Mockingbird,Encore,2025-06-07 09:24,2,Hip-Hop
T023,U007,A016,Faded,Different World,2025-12-15 12:46,3,EDM
T003,U004,A002,Numb,Meteora,2025-09-02 15:13,4,Rock
T022,U011,A015,Alone,Joytime,2025-11-09 08:07,7,EDM
T009,U017,A006,Lose Yourself,8 Mile,2025-09-30 18:24,3,Hip-Hop
T022,U003,A015,Alone,Joytime,2025-01-18 02:52,2,EDM
T005,U006,A003,Nothing's Gonna Hurt You Baby,N/A,2025-10-06 00:25,2,Dream Pop
T011,U020,A007,The Search,The Search,2025-11-18 10:04,5,Hip-Hop
T009,U012,A006,Lose Yourself,8 Mile,2025-05-06 15:27,2,Hip-Hop
T004,U015,A003,Apocalypse,Cigarettes After Sex,2025-03-20 07:27,6,Dream Pop
T004,U014,A003,Apocalypse,Cigarettes After Sex,2025-08-13 12:01,1,Dream Pop
T017,U016,A011,To Phir Aao,Awarapan,2025-01-23 23:48,8,Rock
T024,U013,A017,Night Changes,Four,2025-06-04 01:26,2,Pop
T019,U016,A013,Lovely,N/A,2025-07-13 08:33,7,Pop
T010,U015,A006,Mockingbird,Encore,2025-01-23 05:25,4,Hip-Hop
T021,U015,A014,Beautiful Scars,Beautiful Scars,2025-07-07 07:38,8,Pop
T026,U010,A019,7 rings,"Thank U, Next",2025-05-22 19:43,4,Pop
T014,U018,A008,Friends,Chase Atlantic,2025-02-10 07:43,6,Alt R&B
T013,U007,A008,Swim,Chase Atlantic,2025-02-28 13:00,1,Alt R&B
T017,U017,A011,To Phir Aao,Awarapan,2025-11-26 16:12,8,Rock
T003,U014,A002,Numb,Meteora,2025-08-04 15:11,2,Rock
T016,U003,A010,Zara Sa,Jannat,2025-04-15 03:47,4,Playback
T022,U018,A015,Alone,Joytime,2025-12-14 13:27,5,EDM
T026,U011,A019,7 rings,"Thank U, Next",2025-03-03 21:15,4,Pop
T006,U016,A004,Sorry,Purpose,2025-09-30 22:34,7,Pop
T015,U009,A009,Kesariya,Brahmastra,2025-03-19 23:15,3,Playback
T004,U013,A003,Apocalypse,Cigarettes After Sex,2025-11-29 10:56,3,Dream Pop
T007,U008,A005,Yellow,Parachutes,2025-01-17 02:58,3,Alternative
T001,U006,A001,NGL,N/A,2025-08-29 20:50,3,Hip-Hop
T020,U003,A013,Birds of a Feather,Hit Me Hard and Soft,2025-01-14 00:41,6,Pop
T012,U013,A007,Let You Down,Perception,2025-04-01 01:06,4,Hip-Hop
T019,U005,A013,Lovely,N/A,2025-10-24 02:05,7,Pop
T025,U017,A018,Wake Me Up,True,2025-03-07 14:09,2,EDM
T016,U017,A010,Zara Sa,Jannat,2025-12-13 06:37,1,Playback
T023,U002,A016,Faded,Different World,2025-11-30 17:50,2,EDM
T008,U020,A005,Fix You,X&Y,2025-05-30 21:04,2,Alternative
T015,U011,A009,Kesariya,Brahmastra,2025-05-10 22:12,3,Playback
T003,U012,A002,Numb,Meteora,2025-08-13 12:51,5,Rock
T018,U008,A012,Jeena Jeena,Badlapur,2025-05-29 02:41,2,Pop
T010,U003,A006,Mockingbird,Encore,2025-07-16 14:00,8,Hip-Hop
T004,U019,A003,Apocalypse,Cigarettes After Sex,2025-12-22 05:36,2,Dream Pop
T018,U017,A012,Jeena Jeena,Badlapur,2025-08-10 22:23,1,Pop
T005,U019,A003,Nothing's Gonna Hurt You Baby,N/A,2025-03-19 23:01,4,Dream Pop
T027,U020,A020,SAD!,?,2025-02-10 20:43,1,Hip-Hop
T016,U008,A010,Zara Sa,Jannat,2025-09-01 18:09,2,Playback
T016,U019,A010,Zara Sa,Jannat,2025-05-28 18:16,7,Playback
T010,U020,A006,Mockingbird,Encore,2025-05-29 16:51,5,Hip-Hop
T021,U001,A014,Beautiful Scars,Beautiful Scars,2025-07-18 08:32,8,Pop
T003,U005,A002,Numb,Meteora,2025-12-24 11:45,2,Rock
T023,U019,A016,Faded,Different World,2025-11-11 16:01,8,EDM
T013,U006,A008,Swim,Chase Atlantic,2025-05-17 10:29,3,Alt R&B
T001,U015,A001,NGL,N/A,2025-04-13 06:12,8,Hip-Hop
T027,U004,A020,SAD!,?,2025-03-20 02:54,7,Hip-Hop
T003,U012,A002,Numb,Meteora,2025-05-25 21:58,6,Rock
T005,U013,A003,Nothing's Gonna Hurt You Baby,N/A,2025-11-11 10:36,4,Dream Pop
T019,U005,A013,Lovely,N/A,2025-06-10 05:34,2,Pop
T008,U008,A005,Fix You,X&Y,2025-01-24 10:50,7,Alternative
T023,U013,A016,Faded,Different World,2025-07-06 06:09,6,EDM
T021,U003,A014,Beautiful Scars,Beautiful Scars,2025-04-11 08:53,5,Pop
T023,U005,A016,Faded,Different World,2025-12-11 09:33,3,EDM
T018,U017,A012,Jeena Jeena,Badlapur,2025-06-07 18:17,2,Pop
T024,U008,A017,Night Changes,Four,2025-04-25 19:25,3,Pop
T015,U002,A009,Kesariya,Brahmastra,2025-03-28 01:38,3,Playback
T008,U019,A005,Fix You,X&Y,2025-09-16 13:58,8,Alternative
T009,U007,A006,Lose Yourself,8 Mile,2025-10-30 20:53,6,Hip-Hop
T025,U014,A018,Wake Me Up,True,2025-03-10 10:22,1,EDM
T008,U009,A005,Fix You,X&Y,2025-07-28 10:47,7,Alternative
T025,U014,A018,Wake Me Up,True,2025-12-21 05:25,5,EDM
T005,U012,A003,Nothing's Gonna Hurt You Baby,N/A,2025-06-22 23:31,8,Dream Pop
T005,U001,A003,Nothing's Gonna Hurt You Baby,N/A,2025-05-04 12:12,7,Dream Pop
T003,U006,A002,Numb,Meteora,2025-06-05 04:18,1,Rock
T002,U009,A002,Faint,Meteora,2025-12-10 14:02,3,Rock
T003,U011,A002,Numb,Meteora,2025-04-14 19:07,5,Rock
T027,U020,A020,SAD!,?,2025-03-05 03:59,1,Hip-Hop
T021,U019,A014,Beautiful Scars,Beautiful Scars,2025-09-01 12:08,3,Pop
T027,U005,A020,SAD!,?,2025-08-17 14:10,7,Hip-Hop
T022,U001,A015,Alone,Joytime,2025-02-11 09:16,2,EDM
T020,U012,A013,Birds of a Feather,Hit Me Hard and Soft,2025-11-10 16:12,5,Pop
T023,U018,A016,Faded,Different World,2025-02-14 03:08,5,EDM
T024,U009,A017,Night Changes,Four,2025-07-21 15:11,2,Pop
T018,U010,A012,Jeena Jeena,Badlapur,2025-11-05 07:49,3,Pop
T006,U010,A004,Sorry,Purpose,2025-04-08 18:20,8,Pop
T021,U001,A014,Beautiful Scars,Beautiful Scars,2025-01-22 17:50,1,Pop
T027,U013,A020,SAD!,?,2025-08-24 09:02,3,Hip-Hop
T023,U009,A016,Faded,Different World,2025-08-19 12:27,4,EDM
T014,U001,A008,Friends,Chase Atlantic,2025-05-02 00:51,8,Alt R&B
T008,U011,A005,Fix You,X&Y,2025-05-02 09:55,6,Alternative
T001,U003,A001,NGL,N/A,2025-05-17 10:09,6,Hip-Hop
T002,U018,A002,Faint,Meteora,2025-02-11 11:12,7,Rock
T013,U005,A008,Swim,Chase Atlantic,2025-05-31 16:43,4,Alt R&B
T009,U003,A006,Lose Yourself,8 Mile,2025-09-30 14:17,5,Hip-Hop
T019,U005,A013,Lovely,N/A,2025-08-31 13:59,7,Pop
T013,U016,A008,Swim,Chase Atlantic,2025-02-23 09:30,7,Alt R&B
T009,U008,A006,Lose Yourself,8 Mile,2025-08-09 09:53,2,Hip-Hop
T027,U013,A020,SAD!,?,2025-08-04 01:34,7,Hip-Hop
T002,U017,A002,Faint,Meteora,2025-08-05 10:56,3,Rock
T020,U004,A013,Birds of a Feather,Hit Me Hard and Soft,2025-12-20 23:32,6,Pop
T027,U015,A020,SAD!,?,2025-04-05 11:58,6,Hip-Hop
T008,U004,A005,Fix You,X&Y,2025-06-27 17:04,4,Alternative
T005,U007,A003,Nothing's Gonna Hurt You Baby,N/A,2025-03-23 14:47,7,Dream Pop
T002,U005,A002,Faint,Meteora,2025-02-28 22:51,5,Rock
T003,U004,A002,Numb,Meteora,2025-09-10 19:24,3,Rock
T015,U019,A009,Kesariya,Brahmastra,2025-09-26 19:22,8,Playback
T025,U007,A018,Wake Me Up,True,2025-12-19 01:16,5,EDM
T026,U017,A019,7 rings,"Thank U, Next",2025-06-15 19:46,1,Pop
T015,U013,A009,Kesariya,Brahmastra,2025-03-01 13:50,4,Playback
T016,U010,A010,Zara Sa,Jannat,2025-12-02 20:06,4,Playback
T007,U018,A005,Yellow,Parachutes,2025-07-01 11:49,1,Alternative
T017,U012,A011,To Phir Aao,Awarapan,2025-01-16 22:43,6,Rock
T025,U008,A018,Wake Me Up,True,2025-04-27 22:28,4,EDM
T027,U010,A020,SAD!,?,2025-07-06 22:50,4,Hip-Hop
T013,U015,A008,Swim,Chase Atlantic,2025-06-18 22:12,2,Alt R&B
T007,U004,A005,Yellow,Parachutes,2025-08-20 11:03,5,Alternative
T014,U018,A008,Friends,Chase Atlantic,2025-12-07 12:10,3,Alt R&B
T027,U010,A020,SAD!,?,2025-01-02 16:43,3,Hip-Hop
T007,U017,A005,Yellow,Parachutes,2025-11-19 08:41,7,Alternative
T003,U004,A002,Numb,Meteora,2025-11-30 04:56,1,Rock
T009,U003,A006,Lose Yourself,8 Mile,2025-09-16 23:35,4,Hip-Hop
T017,U001,A011,To Phir Aao,Awarapan,2025-10-15 13:04,1,Rock
T002,U012,A002,Faint,Meteora,2025-01-24 01:16,3,Rock
T022,U004,A015,Alone,Joytime,2025-04-10 07:04,1,EDM
T016,U007,A010,Zara Sa,Jannat,2025-10-28 05:55,6,Playback
T008,U020,A005,Fix You,X&Y,2025-01-29 01:50,2,Alternative
T026,U015,A019,7 rings,"Thank U, Next",2025-01-09 02:19,2,Pop
T012,U015,A007,Let You Down,Perception,2025-06-28 13:24,2,Hip-Hop
T005,U007,A003,Nothing's Gonna Hurt You Baby,N/A,2025-10-24 14:29,5,Dream Pop
T016,U002,A010,Zara Sa,Jannat,2025-08-26 15:19,8,Playback
T023,U010,A016,Faded,Different World,2025-02-17 17:19,1,EDM
T011,U003,A007,The Search,The Search,2025-10-10 21:26,5,Hip-Hop
T024,U014,A017,Night Changes,Four,2025-04-04 20:21,1,Pop
T027,U016,A020,SAD!,?,2025-12-09 20:26,7,Hip-Hop
T010,U003,A006,Mockingbird,Encore,2025-03-21 08:02,7,Hip-Hop
T009,U011,A006,Lose Yourself,8 Mile,2025-01-20 08:41,2,Hip-Hop
T021,U008,A014,Beautiful Scars,Beautiful Scars,2025-04-13 05:14,6,Pop
T008,U015,A005,Fix You,X&Y,2025-01-26 19:07,6,Alternative
T027,U009,A020,SAD!,?,2025-09-27 17:56,8,Hip-Hop
T006,U013,A004,Sorry,Purpose,2025-01-22 00:02,7,Pop
T026,U020,A019,7 rings,"Thank U, Next",2025-10-24 09:21,1,Pop
T027,U008,A020,SAD!,?,2025-03-14 23:37,3,Hip-Hop
T025,U002,A018,Wake Me Up,True,2025-03-09 22:16,4,EDM
T004,U013,A003,Apocalypse,Cigarettes After Sex,2025-07-10 04:23,1,Dream Pop
T008,U005,A005,Fix You,X&Y,2025-09-18 04:34,4,Alternative
T026,U019,A019,7 rings,"Thank U, Next",2025-08-19 07:07,5,Pop
T009,U015,A006,Lose Yourself,8 Mile,2025-05-22 20:09,7,Hip-Hop
T021,U015,A014,Beautiful Scars,Beautiful Scars,2025-07-29 01:29,1,Pop
T008,U012,A005,Fix You,X&Y,2025-09-11 08:17,2,Alternative
T021,U013,A014,Beautiful Scars,Beautiful Scars,2025-06-07 03:38,4,Pop
T018,U006,A012,Jeena Jeena,Badlapur,2025-04-24 03:57,2,Pop
T021,U017,A014,Beautiful Scars,Beautiful Scars,2025-10-02 01:17,6,Pop
T022,U006,A015,Alone,Joytime,2025-05-09 21:31,8,EDM
T006,U004,A004,Sorry,Purpose,2025-06-15 05:38,1,Pop
T017,U011,A011,To Phir Aao,Awarapan,2025-07-29 13:32,1,Rock
T017,U010,A011,To Phir Aao,Awarapan,2025-09-19 19:28,7,Rock
T017,U011,A011,To Phir Aao,Awarapan,2025-08-05 06:53,4,Rock
T006,U015,A004,Sorry,Purpose,2025-01-09 19:02,1,Pop
T008,U020,A005,Fix You,X&Y,2025-03-22 08:19,4,Alternative
T013,U006,A008,Swim,Chase Atlantic,2025-01-11 09:05,6,Alt R&B
T025,U017,A018,Wake Me Up,True,2025-11-11 14:50,8,EDM
T015,U012,A009,Kesariya,Brahmastra,2025-08-09 22:02,4,Playback
T010,U019,A006,Mockingbird,Encore,2025-08-14 18:11,6,Hip-Hop
T010,U017,A006,Mockingbird,Encore,2025-10-23 03:59,4,Hip-Hop
T022,U013,A015,Alone,Joytime,2025-11-09 19:10,2,EDM
T027,U005,A020,SAD!,?,2025-07-21 13:41,8,Hip-Hop
T011,U016,A007,The Search,The Search,2025-10-21 23:57,4,Hip-Hop
T004,U003,A003,Apocalypse,Cigarettes After Sex,2025-01-21 03:56,8,Dream Pop
T012,U016,A007,Let You Down,Perception,2025-03-26 23:52,8,Hip-Hop
T001,U011,A001,NGL,N/A,2025-03-15 00:29,5,Hip-Hop
T027,U007,A020,SAD!,?,2025-01-07 03:13,6,Hip-Hop
T012,U003,A007,Let You Down,Perception,2025-03-09 17:13,6,Hip-Hop
T026,U016,A019,7 rings,"Thank U, Next",2025-06-05 19:54,7,Pop
T018,U004,A012,Jeena Jeena,Badlapur,2025-11-15 15:06,5,Pop
T007,U005,A005,Yellow,Parachutes,2025-01-09 18:05,5,Alternative
T019,U009,A013,Lovely,N/A,2025-12-27 12:57,5,Pop
T021,U010,A014,Beautiful Scars,Beautiful Scars,2025-12-22 04:53,3,Pop
T016,U020,A010,Zara Sa,Jannat,2025-05-17 08:35,6,Playback
T011,U010,A007,The Search,The Search,2025-03-01 14:24,7,Hip-Hop
T026,U017,A019,7 rings,"Thank U, Next",2025-04-24 02:25,2,Pop
T020,U001,A013,Birds of a Feather,Hit Me Hard and Soft,2025-12-12 20:18,5,Pop
T023,U018,A016,Faded,Different World,2025-12-26 18:27,4,EDM
T017,U003,A011,To Phir Aao,Awarapan,2025-01-30 00:58,1,Rock
T019,U011,A013,Lovely,N/A,2025-09-10 15:57,2,Pop
T014,U015,A008,Friends,Chase Atlantic,2025-02-27 11:11,8,Alt R&B
T018,U008,A012,Jeena Jeena,Badlapur,2025-07-24 14:06,1,Pop
T024,U020,A017,Night Changes,Four,2025-05-23 17:03,2,Pop
T023,U013,A016,Faded,Different World,2025-12-17 20:47,6,EDM
T026,U019,A019,7 rings,"Thank U, Next",2025-02-22 21:44,5,Pop
T020,U003,A013,Birds of a Feather,Hit Me Hard and Soft,2025-06-20 13:21,7,Pop
T023,U015,A016,Faded,Different World,2025-08-21 10:11,3,EDM
T007,U001,A005,Yellow,Parachutes,2025-03-26 07:27,8,Alternative
T018,U009,A012,Jeena Jeena,Badlapur,2025-02-06 16:54,4,Pop
T020,U002,A013,Birds of a Feather,Hit Me Hard and Soft,2025-10-21 06:20,5,Pop
T025,U006,A018,Wake Me Up,True,2025-09-18 04:38,6,EDM
T018,U006,A012,Jeena Jeena,Badlapur,2025-07-20 04:27,4,Pop
T023,U020,A016,Faded,Different World,2025-07-07 17:57,1,EDM
T010,U005,A006,Mockingbird,Encore,2025-01-23 19:51,3,Hip-Hop
T006,U014,A004,Sorry,Purpose,2025-08-19 07:11,4,Pop
T011,U007,A007,The Search,The Search,2025-11-17 16:36,5,Hip-Hop
T010,U019,A006,Mockingbird,Encore,2025-09-04 22:05,1,Hip-Hop
T012,U018,A007,Let You Down,Perception,2025-11-18 09:32,2,Hip-Hop
T001,U018,A001,NGL,N/A,2025-04-16 19:22,3,Hip-Hop
T003,U010,A002,Numb,Meteora,2025-11-04 10:38,3,Rock
T003,U020,A002,Numb,Meteora,2025-07-29 17:30,4,Rock
T004,U018,A003,Apocalypse,Cigarettes After Sex,2025-09-13 06:32,7,Dream Pop
T009,U003,A006,Lose Yourself,8 Mile,2025-11-12 00:47,5,Hip-Hop
T001,U007,A001,NGL,N/A,2025-10-12 19:00,7,Hip-Hop
T013,U011,A008,Swim,Chase Atlantic,2025-09-17 14:18,6,Alt R&B
T013,U009,A008,Swim,Chase Atlantic,2025-11-03 21:08,2,Alt R&B
T021,U008,A014,Beautiful Scars,Beautiful Scars,2025-12-02 05:41,1,Pop
T007,U002,A005,Yellow,Parachutes,2025-12-19 23:09,4,Alternative
T014,U019,A008,Friends,Chase Atlantic,2025-08-24 02:07,2,Alt R&B
T019,U020,A013,Lovely,N/A,2025-10-31 14:57,4,Pop
T018,U020,A012,Jeena Jeena,Badlapur,2025-02-12 22:09,3,Pop
T017,U001,A011,To Phir Aao,Awarapan,2025-09-11 22:34,1,Rock
T020,U016,A013,Birds of a Feather,Hit Me Hard and Soft,2025-10-20 17:56,6,Pop
T025,U009,A018,Wake Me Up,True,2025-09-19 04:49,6,EDM
T009,U016,A006,Lose Yourself,8 Mile,2025-05-24 19:08,8,Hip-Hop
T014,U006,A008,Friends,Chase Atlantic,2025-11-15 17:45,8,Alt R&B
T023,U004,A016,Faded,Different World,2025-07-15 13:02,2,EDM
T004,U019,A003,Apocalypse,Cigarettes After Sex,2025-12-02 16:40,3,Dream Pop
T015,U016,A009,Kesariya,Brahmastra,2025-04-14 22:17,1,Playback
T008,U005,A005,Fix You,X&Y,2025-09-16 16:44,4,Alternative
T024,U009,A017,Night Changes,Four,2025-04-13 01:58,6,Pop
T003,U011,A002,Numb,Meteora,2025-06-24 03:51,4,Rock
